model,roc_auc,pr_auc,f1,precision,recall
Random Forest,0.9995130123110487,0.8713310537035897,0.6428571428571429,0.9,0.5
Isolation Forest,0.8353313742514302,0.014329146766564263,,,
Hybrid (RF+IF),0.9995269262450188,0.897635091348179,0.8888888888388888,,
